{
  "divisionmodels": [
    {
      "division": "D-1",
      "section_code": "sc-1",
      "section_name": "sn-1",
      "id": 1
    },
    {
      "division": "D-2",
      "section_code": "sc-2",
      "section_name": "sn-2",
      "id": 2
    },
    {
      "division": "D-3",
      "section_code": "sc-3",
      "section_name": "sn-3",
      "id": 3
    },
    {
      "division": "D-4",
      "section_code": "sc-4",
      "section_name": "sn-4",
      "id": 4
    },
    {
      "division": "d-5",
      "section_name": "sn-5",
      "section_code": "sc-5",
      "id": 5
    },
    {
      "division": "uiouiou",
      "section_name": "uiuouoi",
      "section_code": "uoiuoi",
      "id": 6
    }
  ],
  "villages": [
    {
      "division_id": 1,
      "village_name": "vn-1",
      "village_code": "vc-1",
      "id": 1
    },
    {
      "division_id": 2,
      "village_name": "vn-22",
      "village_code": "vc-2",
      "id": 2
    },
    {
      "division_id": 3,
      "village_name": "vn-3",
      "village_code": "vc-3",
      "id": 3
    },
    {
      "division_id": 4,
      "village_name": "vn-4",
      "village_code": "vc-4",
      "id": 4
    },
    {
      "division_id": "3",
      "village_name": "vn-5",
      "village_code": "vc-5",
      "id": 5
    },
    {
      "division_id": "2",
      "village_name": "vn-6",
      "village_code": "vc-6",
      "id": 6
    },
    {
      "division_id": "3",
      "village_name": "vn-7",
      "village_code": "vc-7",
      "id": 7
    },
    {
      "division_id": "2",
      "village_name": "vn-8",
      "village_code": "vc-8",
      "id": 8
    },
    {
      "division_id": "1",
      "village_name": "vn-9",
      "village_code": "vc-9",
      "id": 10
    },
    {
      "division_id": "3",
      "village_name": "vn-10",
      "village_code": "vc-10",
      "id": 11
    },
    {
      "division_id": "3",
      "village_name": "vn-11",
      "village_code": "vc-11",
      "id": 12
    },
    {
      "division_id": 2,
      "village_name": "uuoiu",
      "village_code": "uiooiuoiu",
      "id": 13
    }
  ],
  "farmers": [
    {
      "csi_code": 1,
      "rno": "rno-1",
      "sysno": "sysno-1",
      "village_id": 2,
      "csi_name": "csi-1",
      "litrary_status": "lts-1",
      "City": "cty-1",
      "person_id": 1,
      "id": 1
    },
    {
      "csi_code": 2,
      "rno": "rno-2",
      "sysno": "sysno-2",
      "village_id": 3,
      "csi_name": "csi-2",
      "litrary_status": "lts-2",
      "City": "cty-2",
      "person_id": 2,
      "id": 2
    },
    {
      "csi_code": 3,
      "rno": "rno-3",
      "sysno": "sysno-3",
      "village_id": 3,
      "csi_name": "csi-3",
      "litrary_status": "lts-3",
      "City": "cty-3",
      "person_id": 5,
      "id": 3
    },
    {
      "csi_code": 4,
      "rno": "rno-4",
      "sysno": "sysno-4",
      "village_id": 6,
      "csi_name": "csi-4",
      "litrary_status": "lts-4",
      "City": "Cty-4",
      "person_id": 4,
      "id": 4
    },
    {
      "csi_code": 1,
      "rno": "uuiyy",
      "sysno": "uyuy",
      "village_id": "2",
      "csi_name": "uiou",
      "litrary_status": "iouoiui",
      "City": "uiuo",
      "person_id": 2,
      "id": 5
    },
    {
      "csi_code": 7,
      "rno": "hjhj",
      "sysno": "hjhkjh",
      "village_id": "1",
      "csi_name": "hhjh",
      "litrary_status": "jhjkh",
      "City": "jkhj",
      "person_id": 2,
      "id": 6
    },
    {
      "csi_code": 1,
      "rno": "uu`iuiuiou",
      "sysno": "uiuiou",
      "village_id": "2",
      "csi_name": "hkjh",
      "litrary_status": "hjhh",
      "City": "jkhkjh",
      "person_id": 2,
      "ryot_photo": "C:\\fakepath\\3.png",
      "id": 7
    },
    {
      "longitude": "78.395304679870620",
      "latitude": "17.4443334759731170",
      "LatLng": "{\"type\":\"Feature\",\"properties\":{},\"geometry\":{\"type\":\"Polygon\",\"coordinates\":[[[78.395090,17.447163],[78.394275,17.444791],[78.396721,17.443687],[78.397064,17.446386],[78.39509,17.447163]]]}}",
      "csi_code": 3,
      "rno": "opiopi",
      "sysno": "oioiop",
      "village_id": 2,
      "csi_name": "iuiouiou",
      "litrary_status": "uiuo",
      "city": "iuiuu",
      "person_id": 2,
      "id": 8
    },
    {
      "csi_code": 3,
      "rno": "iuuiou",
      "sysno": "ioioui",
      "village_id": 3,
      "csi_name": "iooii",
      "litrary_status": "oioipoi",
      "city": "poipoio",
      "person_id": 3,
      "LatLng": "{\"type\":\"Feature\",\"properties\":{},\"geometry\":{\"type\":\"Polygon\",\"coordinates\":[[[78.3803270,17.431194],[78.386679,17.444787],[78.387108,17.441102],[78.387537,17.437172],[78.380671,17.431604],[78.380327,17.431194]]]}}",
      "longitude": "78.39551120",
      "latitude": "17.44135980",
      "id": 9
    }
  ],
  "landvillages": [
    {
      "land_village_code": "lvc-1",
      "land_village": "lv-1",
      "village_id": "7",
      "plot_no": "plno-1",
      "distance": "1 km",
      "east": "e-1",
      "west": "w-1",
      "north": "n-1",
      "south": "s-1",
      "id": 1
    },
    {
      "land_village_code": "lvc-2",
      "land_village": "lv-2",
      "village_id": "2",
      "plot_no": "plno-2",
      "distance": "2 km",
      "east": "e-2",
      "west": "w-2",
      "north": "n-2",
      "south": "s-2",
      "id": 2
    },
    {
      "land_village_code": "lvc-3",
      "land_village": "lv-3",
      "village_id": "3",
      "plot_no": "plno-2",
      "distance": "3 km",
      "east": "e-3",
      "west": "w-3",
      "north": "n-3",
      "south": "s-3",
      "id": 3
    },
    {
      "village_id": 2,
      "land_village_code": "hjkjh",
      "land_village": "jkkjhkjhj",
      "plot_no": "jhjkhkjh",
      "distance": "hjhkjhkjh",
      "east": "hjkhkjh",
      "west": "hjkhkjh",
      "north": "kjhkjhkjhj",
      "south": "khkjh",
      "id": 4
    }
  ],
  "applicationtreatments": [
    {
      "date": "2019-04-13",
      "application_treatment": "lv-1",
      "farmer_land_village_id": "2",
      "applied": "apl-1",
      "ssp": "ssp-1",
      "mcp": "mcp-1",
      "id": 1
    },
    {
      "date": "2019-04-26",
      "application_treatment": "lv-2",
      "farmer_land_village_id": "3",
      "applied": "appl-2",
      "ssp": "ssp-2",
      "mcp": "mcp-2",
      "id": 2
    },
    {
      "date": "2019-04-13",
      "application_treatment": "lv-3",
      "farmer_land_village_id": "2",
      "applied": "aapl-3",
      "ssp": "ssp-3",
      "mcp": "mcp-3",
      "id": 3
    },
    {
      "date": "2019-04-06",
      "application_treatment": "lv-4",
      "farmer_land_village_id": "2",
      "applied": "appl-4",
      "ssp": "ssp-4",
      "mcp": "mcp-4",
      "id": 4
    },
    {
      "date": "2019-05-22T12:08:55.000Z",
      "application_treatment": "uyuyiuy",
      "applied": "lklj",
      "farmer_land_village_id": "2",
      "ssp": "kjkjkkj",
      "mcp": "jlkjll",
      "id": 5
    },
    {
      "date": "2019-05-28T18:30:00.000Z",
      "farmer_land_village_id": 2,
      "application_treatment": "uiuiui",
      "applied": "iuiuiui",
      "ssp": "iouiuiou",
      "mcp": "iuiouiu",
      "id": 6
    },
    {
      "date": "2019-05-09T18:30:00.000Z",
      "farmer_land_village_id": 3,
      "application_treatment": "uiouio",
      "applied": "uiuoiuou",
      "ssp": "uoiuoiuoiu",
      "mcp": "oiuoiuoi",
      "id": 7
    }
  ],
  "seasons": [
    {
      "Farmers_id": "3",
      "land_village_id": "2",
      "season_start": "2019-04-01",
      "extent": "ext-1",
      "expected_planting": "2019-04-28",
      "expected_harvesting": "2019-04-01",
      "current_variety": "cv-1",
      "previous_variety": "pv-1",
      "plant_type": "pt-1",
      "total_acres": "ta-1",
      "measurement_acres": "ma-1",
      "estimated_yield": "ey-1",
      "applied": "app-1",
      "offer_no": "offer-1",
      "offer_date": "2019-04-19",
      "agreement_date": "2019-04-27",
      "agreement_acre": 10,
      "agreement_tonne": 9,
      "id": 1
    },
    {
      "season_start": "2019-04-13",
      "expected_harvesting": "2019-05-11",
      "Farmers_id": "2",
      "current_variety": "cv-2",
      "plant_type": "pt-2",
      "measurement_acres": "ma-2",
      "estimated_yield": "ey-2",
      "applied": "app-2",
      "offer_date": "2019-04-27",
      "agreement_acre": 20,
      "agreement_tonne": 18,
      "agreement_date": "2019-05-02",
      "offer_no": "ono-2",
      "total_acres": "20",
      "previous_variety": "pv-2",
      "land_village_id": "3",
      "expected_planting": "2019-04-20",
      "extent": "ext-2",
      "id": 2
    },
    {
      "season_start": "2019-05-16T18:30:00.000Z",
      "Farmers_id": 3,
      "land_village_id": 3,
      "expected_harvesting": "2019-05-09T18:30:00.000Z",
      "expected_planting": "2019-05-09T18:30:00.000Z",
      "current_variety": "uiuuiu",
      "previous_variety": "uiouoiuoiui",
      "plant_type": "iuoiuiouoi",
      "total_acres": "uiuoiuoiuoi",
      "measurement_acres": "uiuiuioi",
      "estimated_yield": "iuiuiuii",
      "offer_no": "uiiououo",
      "offer_date": "2019-05-15T18:30:00.000Z",
      "agreement_date": "2019-05-29T18:30:00.000Z",
      "agreement_acre": "huyiuyu",
      "agreement_tonne": "iuyuy",
      "id": 3
    },
    {
      "season_start": "2019-05-07T18:30:00.000Z",
      "Farmers_id": 3,
      "land_village_id": 2,
      "expected_harvesting": "2019-05-23T18:30:00.000Z",
      "expected_planting": "2019-05-24T18:30:00.000Z",
      "current_variety": "kjkjj",
      "previous_variety": "jlkjlkj",
      "plant_type": "kjlkjk",
      "total_acres": "jkljkj",
      "measurement_acres": "kljklj",
      "estimated_yield": "lkjklj",
      "offer_no": "lkjjlkjk",
      "offer_date": "2019-05-07T18:30:00.000Z",
      "agreement_date": "2019-05-09T18:30:00.000Z",
      "agreement_acre": "7676",
      "agreement_tonne": "6767",
      "id": 4,
      "extent": "yttty"
    }
  ],
  "loans": [
    {
      "sb_acno": "sb-acn0-1",
      "loan_no": "loan-no-1",
      "Farmers_id": "5",
      "loan_ac_Farmers_id": "lald-1",
      "folio_no": "fno-1",
      "loan_ac_folio_no": "lacfno-1",
      "id": 1,
      "ledger_no": "lg-no-1",
      "loan_ac_ledger_no": "laln-1",
      "payment_mode": "pm-1"
    },
    {
      "sb_acno": "sb-ac-2",
      "loan_no": "la-no-2",
      "ledger_no": "le-n0-2",
      "loan_ac_ledger_no": "laln-2",
      "folio_no": "f-no-2",
      "loan_ac_folio_no": "lafn-2",
      "Farmers_id": "2",
      "id": 2,
      "payment_mode": "pm-2"
    },
    {
      "Farmers_id": 4,
      "sb_acno": "iuoiuoiu",
      "loan_no": "uoiuoiu",
      "ledger_no": "oiuoiu",
      "loan_ac_ledger_no": "oiuoiuoi",
      "folio_no": "uoiuoiu",
      "loan_ac_folio_no": "oiuoiu",
      "payment_mode": "oiuoiiou",
      "id": 3
    }
  ],
  "banks": [
    {
      "bank": "Icici",
      "branch_address": "Madhapur",
      "bank_code": "007",
      "id": 1
    },
    {
      "bank": "Hdfc",
      "branch_address": "Jubli Hills",
      "bank_code": "008",
      "id": 2
    },
    {
      "bank": "Axis",
      "branch_address": "Banjara Hills",
      "bank_code": "009",
      "id": 3
    },
    {
      "bank": "5655675",
      "branch_address": "5665675",
      "bank_code": "5765678",
      "id": 4
    },
    {
      "bank": "uiuiui",
      "branch_address": "uiuoiuoiuu",
      "bank_code": "uioou",
      "id": 5
    },
    {
      "bank": "ioipo",
      "branch_address": "iopoipi",
      "bank_code": "poiipo",
      "id": 6
    }
  ],
  "farmerbanks": [
    {
      "account_no": "acc-n0-1",
      "Farmers_id": "5",
      "bank_id": "2",
      "id": 1
    },
    {
      "account_no": "acc-n0-2",
      "Farmers_id": "4",
      "bank_id": "1",
      "id": 2
    },
    {
      "account_no": "acc-n0-3",
      "Farmers_id": "5",
      "bank_id": "3",
      "id": 3
    },
    {
      "account_no": "acno-4",
      "Farmers_id": "4",
      "bank_id": "2",
      "id": 4
    },
    {
      "account_no": "acno-5",
      "Farmers_id": "5",
      "bank_id": "2",
      "id": 5
    },
    {
      "account_no": "acno-6",
      "Farmers_id": "6",
      "bank_id": "3",
      "id": 6
    },
    {
      "Farmers_id": 2,
      "bank_id": 3,
      "account_no": "jlkjlkjkjkkl",
      "id": 7
    }
  ],
  "persons": [
    {
      "first_name": "Nalini",
      "middle_name": "Raju",
      "last_name": "Suraparaju",
      "address": "Tirupathi",
      "city": "Andhra Pradesh",
      "email": "naliniraju@gmail.com",
      "id": 1
    },
    {
      "first_name": "Rajasekhar",
      "middle_name": "Reddy",
      "last_name": "Suravarapu",
      "address": "Madhapur",
      "city": "Hyderabad",
      "email": "rajaselhar@gmail.com",
      "id": 2
    },
    {
      "first_name": "Amarendra",
      "middle_name": "Naidu",
      "last_name": "Naravari",
      "address": "HSR Layout",
      "city": "bangalore",
      "email": "amarraju@gmail.com",
      "id": 3
    },
    {
      "first_name": "oiuooui",
      "middle_name": "ipoipoi",
      "last_name": "poiopi",
      "address": "poipoi",
      "city": "poiopipo",
      "email": "poipo",
      "id": 4
    }
  ],
  "guarantors": [
    {
      "season_id": "2",
      "season_land_village_id": "2",
      "person_id": "3",
      "id": 1,
      "season_Farmers_id": "1"
    },
    {
      "season_id": "2",
      "season_Farmers_id": "1",
      "season_land_village_id": "2",
      "person_id": "3",
      "id": 2
    },
    {
      "season_id": 2,
      "season_Farmers_id": 2,
      "season_land_village_id": 2,
      "person_id": 2,
      "id": 3
    }
  ],
  "farmerrelations": [
    {
      "related_to_csi": "rtc-1",
      "relationship_type": "rt-1",
      "person_id": "3",
      "id": 1
    },
    {
      "related_to_csi": "rtc-2",
      "relationship_type": "rt-2",
      "person_id": "1",
      "id": 2
    },
    {
      "related_to_csi": "rtc-3",
      "relationship_type": "rt-3",
      "person_id": "2",
      "id": 3
    },
    {
      "person_id": 2,
      "related_to_csi": "yuuyuyuu",
      "relationship_type": "yuyiuyuyu",
      "id": 4
    }
  ],
  "phones": [
    {
      "phone_type": "Airtel",
      "number": "+91-7760546432",
      "person_id": "3",
      "id": 1
    },
    {
      "phone_type": "Vodafone",
      "number": "+91-7684567890",
      "person_id": "2",
      "id": 2
    },
    {
      "phone_type": "Jio",
      "number": "+91-6543218907",
      "person_id": "3",
      "id": 3
    },
    {
      "person_id": 3,
      "phone_type": "jjkjljlkj",
      "number": "jkljlkjlkjlk",
      "id": 4
    }
  ],
  "plotvisits": [
    {
      "condition": "cnd-1",
      "identification": "id-1",
      "advice_given": "ag-1",
      "season_id": "1",
      "id": 1,
      "timestamp": "2019-04-30"
    },
    {
      "condition": "cnd-2",
      "identification": "id-2",
      "advice_given": "ag-2",
      "season_id": "2",
      "id": 2,
      "timestamp": "2019-04-30"
    },
    {
      "condition": "cnd-3",
      "identification": "id-3",
      "advice_given": "ag-3",
      "season_id": "1",
      "id": 3,
      "timestamp": "2019-04-30"
    },
    {
      "condition": "uyuiyiy",
      "identification": "uyiuy",
      "advice_given": "iuyuy",
      "season_id": "2",
      "timestamp": "2019-04-30",
      "id": 4
    },
    {
      "season_id": 2,
      "condition": "iuuoioo",
      "advice_given": "iioopi",
      "timestamp": "2019-05-08T18:30:00.000Z",
      "identification": "kjjjlkj",
      "id": 6
    }
  ],
  "crops": [
    {
      "crop_name": "cn-1",
      "crop_scientific_name": "csn-1",
      "id": 1
    },
    {
      "crop_name": "cn-2",
      "crop_scientific_name": "csn-2",
      "id": 2
    },
    {
      "crop_name": "cn-3",
      "crop_scientific_name": "csn-3",
      "id": 3
    },
    {
      "crop_name": "cn-4",
      "crop_scientific_name": "csn-4",
      "id": 4
    },
    {
      "crop_name": "ytyty",
      "crop_scientific_name": "tytyuyu",
      "id": 5
    },
    {
      "crop_name": "cr-1",
      "crop_scientific_name": "csn-1",
      "id": 6
    },
    {
      "crop_name": "csr-32",
      "crop_scientific_name": "yttyt-2",
      "id": 7
    },
    {
      "crop_name": "yyu",
      "crop_scientific_name": "uiuyiuy",
      "id": 8
    },
    {
      "crop_name": "uiuo",
      "crop_scientific_name": "iuoiu",
      "id": 9
    }
  ],
  "varietees": [
    {
      "variety": "v-1",
      "variety_scientific_name": "vsn-1",
      "crop_id": "3",
      "id": 1
    },
    {
      "variety": "v-2",
      "variety_scientific_name": "vsn-2",
      "crop_id": "4",
      "id": 2
    },
    {
      "variety": "v3",
      "variety_scientific_name": "vsn-3",
      "crop_id": "1",
      "id": 3
    },
    {
      "variety": "v-4",
      "variety_scientific_name": "vsn-4",
      "crop_id": "2",
      "id": 4
    },
    {
      "crop_id": 3,
      "variety": "hjhhkjh",
      "variety_scientific_name": "hjkhjhk",
      "id": 5
    }
  ]
}